family,outer_fold,inner_fold,selection_contract,training_source,public_file,source_checkpoint_sha256,public_checkpoint_sha256,tensor_exactness
CNN-MSaux,0,1,fixed-inner native validation selection,08b_train_multitask_cnn_risk_head_oof.py,checkpoints/cnn_msaux/outer_0.pth,182e2f9801d0fcfe99f3117785ad76fa8df2ac7477f01a063ed024af7a182cc0,1d4a1e8fc487c456b09166290d204a2d15c9fc039cfb13c84c9e89de75795536,PASS
CNN-MSaux,1,2,fixed-inner native validation selection,08b_train_multitask_cnn_risk_head_oof.py,checkpoints/cnn_msaux/outer_1.pth,27e3b4672583ede9392a86f2a595aaf2bf9a7045e9496881370a4c6b1c81adac,d38e4b22181c3dae1419e43ee1cfb77e5f761e26c11f69f78756323d719e53ec,PASS
CNN-MSaux,2,3,fixed-inner native validation selection,08b_train_multitask_cnn_risk_head_oof.py,checkpoints/cnn_msaux/outer_2.pth,99545689d52341f2977123990179d499419c4ea737e8d53cea06db1e80d02712,6ebf438c07d9bbfb991ba6889413a2822b8121df87ab50b77d5d9febdd1867c6,PASS
CNN-MSaux,3,4,fixed-inner native validation selection,08b_train_multitask_cnn_risk_head_oof.py,checkpoints/cnn_msaux/outer_3.pth,cb5544f3e31beb8f4e7d7e29398db6e83c60ee5bbecc79e358286415215dcc09,90d42ea9419a5a982c5038ac68b984ab99c9b4d8b27773fe74fe3fbd3d886436,PASS
CNN-MSaux,4,0,fixed-inner native validation selection,08b_train_multitask_cnn_risk_head_oof.py,checkpoints/cnn_msaux/outer_4.pth,df11b5fa0877db1e32d1f916ca271602a29e4c58d3ece90f69398b53e88982ec,945834593ac546ef7cd6bc00dcd0a14aa9836307110d1f2b7c66e632310ccd83,PASS
CORAL,0,1,fixed-inner native validation selection,53_train_coral_protocol_v3_full468_oof.py,checkpoints/coral/outer_0.pth,c1cbaa534772e67c367372246c5e34d70b9a35354ec5a88bc9ec20f603de6b09,eefe613e9c59bc1451ffa2aea9c2b6afe3f248cd29f1a9ea522914b7a2b68041,PASS
CORAL,1,2,fixed-inner native validation selection,53_train_coral_protocol_v3_full468_oof.py,checkpoints/coral/outer_1.pth,5425aa611da583a8d53b3ede6ad94103f706d0c299a810e2666fb26a5feac37b,2d0735618b199d81bca4cc4a126e885aa22799de846bf622805798d29bd81496,PASS
CORAL,2,3,fixed-inner native validation selection,53_train_coral_protocol_v3_full468_oof.py,checkpoints/coral/outer_2.pth,203cccd3823d5076c8e1ec278712c4937621aec4ca9181be67f61a8dc0830d8d,4ab9c793ae57d056cc5b0d8a7943f3e62f1b923cccc02a8e02fc0593bfe0fc51,PASS
CORAL,3,4,fixed-inner native validation selection,53_train_coral_protocol_v3_full468_oof.py,checkpoints/coral/outer_3.pth,8fe570f21f6703bf546ea885aafe6e687b59136d1d97206bbe3db197262f93b8,7a2530ac79036200f45f6912622e6108d18fa98b7445ab1e81606502f0886abc,PASS
CORAL,4,0,fixed-inner native validation selection,53_train_coral_protocol_v3_full468_oof.py,checkpoints/coral/outer_4.pth,a14410935080806af2d8830586f612598d5df23d450d1a6e53d72f5e6fc5cac6,ad14d28f9f388733ff7219cfd496a9f7dd333335b48e5457dd826a2597f9557f,PASS
CORAL-MSaux,0,1,historical V4 primary best_val_ordinal_loss,54_train_coral_risk_protocol_v3_full468_oof.py,checkpoints/coral_msaux/outer_0.pth,83de5d38bd2228c45dcf632c3321381e2c4fd747e6411073360a9090fae28e22,dd5a80db23d590668f0213240b53b22f8343be312fe8beef20a1aee9f896c4f1,PASS
CORAL-MSaux,1,2,historical V4 primary best_val_ordinal_loss,54_train_coral_risk_protocol_v3_full468_oof.py,checkpoints/coral_msaux/outer_1.pth,9ea808b40ba4898d85d465752de26f1b916e549f2fa91b0101b54997d61fa69c,d5be1b19aebd10d9a8507adf7258d0ea23b0416cc2ed78bcc73dfceb789c9e43,PASS
CORAL-MSaux,2,3,historical V4 primary best_val_ordinal_loss,54_train_coral_risk_protocol_v3_full468_oof.py,checkpoints/coral_msaux/outer_2.pth,67ae1e0d8e0a20de9bc95b660701d507a5f19060920f9d9e579d677d5478c434,69a1ae780b091cbdbf9e1a85630e09cabf25b18254487e1c78bd2ce8c79622a3,PASS
CORAL-MSaux,3,4,historical V4 primary best_val_ordinal_loss,54_train_coral_risk_protocol_v3_full468_oof.py,checkpoints/coral_msaux/outer_3.pth,cbefb78aaf6f07ab6dba86abfe334c3f0c653ea63db16aae61e83d85aaa67a7a,eeb2405f10434cdf1481c693f530e427273b3c1e79f8e7be7c48b15847169ee1,PASS
CORAL-MSaux,4,0,historical V4 primary best_val_ordinal_loss,54_train_coral_risk_protocol_v3_full468_oof.py,checkpoints/coral_msaux/outer_4.pth,d98a0e091dec42c9d3602e393aeb63881fc23133247e549bbf7633c8a5def102,627bd2372ea22ab70041836a7543d4ca20bae6a26acd548c753190b2e46f0111,PASS
ConvNeXt-CE,0,1,minimum fixed-validation CE before outer-test opening,393_train_step14u25d_convnext_ce_differential_lr.py,checkpoints/convnext_ce/outer_0.pth,4b1f340b08b7da610f2573b56441980b5af2a6199a0ef08033a3cdf9b27ea8cc,9a62b47dd5e10fd3284c589d8b74689257e62576d539214c60688201e940fdaa,PASS
ConvNeXt-CE,1,2,minimum fixed-validation CE before outer-test opening,393_train_step14u25d_convnext_ce_differential_lr.py,checkpoints/convnext_ce/outer_1.pth,ed244808416e4745b4db62dde665ba7289ced39cb4d10b91f7ea964071751fac,7fbbc02508fabb5fc2fba28e521e1046c894333a53b186487a1a1bfd007425c2,PASS
ConvNeXt-CE,2,3,minimum fixed-validation CE before outer-test opening,393_train_step14u25d_convnext_ce_differential_lr.py,checkpoints/convnext_ce/outer_2.pth,bb0c106548c5282e756e93b518b495ea7ff1aa4eb1471f1792d2df5cfd792473,fdc7d096e1c34d028ff26e1f2a2111658dcb0d16a9993e92ca73bdfddd33be17,PASS
ConvNeXt-CE,3,4,minimum fixed-validation CE before outer-test opening,393_train_step14u25d_convnext_ce_differential_lr.py,checkpoints/convnext_ce/outer_3.pth,e5674a8dbae0499a919d4ef1da9bb324d8eae10d2ab4d9607d232fd3c690c90d,f680b726d01fc81e5714b99f75d596ca494fbdae1028158d1b82eda0f08191f0,PASS
ConvNeXt-CE,4,0,minimum fixed-validation CE before outer-test opening,393_train_step14u25d_convnext_ce_differential_lr.py,checkpoints/convnext_ce/outer_4.pth,f0a416b45b815a3e496fcc59da6e3b07de9a1efd65bf67261c75fa37c7def0ef,b27182c788a452561a72914bfe1cbccd310268dad25329989bb30f37ab1d79d6,PASS
ConvNeXt-CORAL,0,,unified Step06A1 frozen best_val_total_loss before outer inference,001_train_step06a1_convnext_coral_msaux_unified5fold.py,checkpoints/convnext_coral/outer_0.pth,aaeabbf32d754c4cbd2ebd6c0524f99a118b0a787aa6852739d72b6607bb36c5,23ff8a5692e9b40497aea881a0e666f38cd718d0b3fcfe434b63a12c7e61d804,PASS
ConvNeXt-CORAL,1,,unified Step06A1 frozen best_val_total_loss before outer inference,001_train_step06a1_convnext_coral_msaux_unified5fold.py,checkpoints/convnext_coral/outer_1.pth,1337f2c89a4909051cf5d43d0c72fa424fecc02ff52437deb63d5f2bb1e427bb,4441fe19ae9ae7c343d4943c53d8cd747e5fc5c40124199885dd4980209146a6,PASS
ConvNeXt-CORAL,2,,unified Step06A1 frozen best_val_total_loss before outer inference,001_train_step06a1_convnext_coral_msaux_unified5fold.py,checkpoints/convnext_coral/outer_2.pth,0309c01262c3a81ca675c0c458400cf4297174a8adcb5500c73f4220bbb79ef3,7f3c7eedc28c9e4d99edc42533d7522ca5519aed2a232d0341c2d3645ebf4b5f,PASS
ConvNeXt-CORAL,3,,unified Step06A1 frozen best_val_total_loss before outer inference,001_train_step06a1_convnext_coral_msaux_unified5fold.py,checkpoints/convnext_coral/outer_3.pth,8567e2316d635d87bf61c7149d5a44be3d4890d7fe43b86aa1f63ec88498f6c1,1d9e0c44fe289e6befa9860c7e9b9a248f2e279e443839142ac13f4346ff04aa,PASS
ConvNeXt-CORAL,4,,unified Step06A1 frozen best_val_total_loss before outer inference,001_train_step06a1_convnext_coral_msaux_unified5fold.py,checkpoints/convnext_coral/outer_4.pth,f2ba91ed60edbdb78309c0333e9638d8422159d2f3bd0cf051cc42e4ec39ce07,30c0c37a7b12297f961631f002bf469436667c924367a5ebd6a5d7464c284f60,PASS
ConvNeXt-CORAL-MSaux,0,,unified Step06A1 frozen best_val_total_loss before outer inference,001_train_step06a1_convnext_coral_msaux_unified5fold.py,checkpoints/convnext_coral_msaux/outer_0.pth,5d0cc9bda272ab56a23f93912c0c391067f6f727964b28fb6e1fa13f3b19676c,730b287504e66b669bf3e5852d14b52759f5a9dbaec50bf9adb6b7bdb9bccb08,PASS
ConvNeXt-CORAL-MSaux,1,,unified Step06A1 frozen best_val_total_loss before outer inference,001_train_step06a1_convnext_coral_msaux_unified5fold.py,checkpoints/convnext_coral_msaux/outer_1.pth,2eceaa08ca74292a459e13ad5c41bd1497e4dee381deea436841222b9330a3ee,13d403e238ca92f182654ca7a1179ed8ee6d63bb6ec3dabf5f926c87b356071e,PASS
ConvNeXt-CORAL-MSaux,2,,unified Step06A1 frozen best_val_total_loss before outer inference,001_train_step06a1_convnext_coral_msaux_unified5fold.py,checkpoints/convnext_coral_msaux/outer_2.pth,f1c58c8ff5a5d056a816b933b6088f171cad0e8b63c42432bafc979bc915918d,b20c57f71fabe01ed945d598f4fcd3427cc948a85757f228c61bf25d3faafef5,PASS
ConvNeXt-CORAL-MSaux,3,,unified Step06A1 frozen best_val_total_loss before outer inference,001_train_step06a1_convnext_coral_msaux_unified5fold.py,checkpoints/convnext_coral_msaux/outer_3.pth,540b6cedd118e40bc3aef6235ea426620b170a5f4bc0e822890ef7e686a82ede,d042a46e5871693c44d33831c8670a6708b658076339167f767d70dd2f8ffc1d,PASS
ConvNeXt-CORAL-MSaux,4,,unified Step06A1 frozen best_val_total_loss before outer inference,001_train_step06a1_convnext_coral_msaux_unified5fold.py,checkpoints/convnext_coral_msaux/outer_4.pth,93d87762e6af682ac88413620d63f41fa2bb74e422ae7ae02443eda80a8d7946,5d56bd1052c348c00d81bfcee2323d4229a22e4f9746ae6788e148871b7a94cf,PASS
Original CNN,0,1,fixed-inner native validation selection,51_train_original_cnn_protocol_v3_full468_oof.py,checkpoints/original_cnn/outer_0.pth,e81d6c93350d37da30c0fe90755d819624e9d1aad36e13387bde705e8d1c00a7,45951234a5f94c796d9a57b23380d98596f137bddfb8db25a1bc2c1c7a05c7f1,PASS
Original CNN,1,2,fixed-inner native validation selection,51_train_original_cnn_protocol_v3_full468_oof.py,checkpoints/original_cnn/outer_1.pth,6544d28a012c9fca1505575049fa9593b5ccf98336ac51b1c5e58f57fc42c044,391c39642f24d2e447fece98efbf8795fa433e0eb93059804c1deac3cd14812f,PASS
Original CNN,2,3,fixed-inner native validation selection,51_train_original_cnn_protocol_v3_full468_oof.py,checkpoints/original_cnn/outer_2.pth,8f49f83c3d8a6c7017106c74b173f03849069ea345ac3392f13d635231b1a908,2801609da13e49736c6c98d15b1b0b0d1dce2c9aac6771941ea8ae53bfefb9d3,PASS
Original CNN,3,4,fixed-inner native validation selection,51_train_original_cnn_protocol_v3_full468_oof.py,checkpoints/original_cnn/outer_3.pth,9315ce44fd3c7252100d3b1300490301955b3ce2646c3a7077c9d8645d5a811b,eeca3cd0b7d8c3a008809a1bf723e9fae7981b735c6f084776a6c384665ce2a7,PASS
Original CNN,4,0,fixed-inner native validation selection,51_train_original_cnn_protocol_v3_full468_oof.py,checkpoints/original_cnn/outer_4.pth,710c301beacb1acb5f837ae131f3b88e122d879cf5d726acbab89d90e7d68c51,6b12ffc000dd97ae845a1cc9f58bfc631388a89e7673669cdd3ba69a7cc18797,PASS
Original DeiT,0,1,fixed-inner native validation selection,52_train_official_deit_protocol_v3_full468_oof.py,checkpoints/original_deit/outer_0.pth,ac17fc555a07b6d0c00b2b56cf384b3c8d8cbf11bb452654b52d98df13e67956,338894fdfb9ffbbfd7a017183506609323e88122caae01e832738d50c8e2d0c4,PASS
Original DeiT,1,2,fixed-inner native validation selection,52_train_official_deit_protocol_v3_full468_oof.py,checkpoints/original_deit/outer_1.pth,5a1e0e6be8b86980927afd015dbfa087e28b7726882e5802a9a9da7e490066ac,c89b0305e2c7802f74209252b9d3926fe1dc0360663b6c7d9ac4dddcdce40771,PASS
Original DeiT,2,3,fixed-inner native validation selection,52_train_official_deit_protocol_v3_full468_oof.py,checkpoints/original_deit/outer_2.pth,c1a4f872e5b09304cf4679fe88449bb0f2b3a3d993fad98d07e802c977613ea8,0425d4e25b468476786a0139e4fb045acbc23b8254217cd8a6f405329cb962be,PASS
Original DeiT,3,4,fixed-inner native validation selection,52_train_official_deit_protocol_v3_full468_oof.py,checkpoints/original_deit/outer_3.pth,23e734e60579870fcce261c6e901d4542f4a391266f61cf103d7863e3245b461,1e246b3d7ed8bcc76a61e3090202fed4a25f376070c1bb1b8f5b53b346dfe927,PASS
Original DeiT,4,0,fixed-inner native validation selection,52_train_official_deit_protocol_v3_full468_oof.py,checkpoints/original_deit/outer_4.pth,880a10df50ee64266714979b229b5bcafdb3dc76bd4e363aaf6f4a43145de05c,274b32235d3d1ef8bd7482f88f4d62d9d809b5d256f6f5425c13f8b76804a78c,PASS
