case_key,case,outer_fold,branch,method,target_class,fraction,original_prob,random_prob_mean,random_prob_sd
FAITH_001,F0_benefit_correction,0,CORAL-MSaux,Integrated Gradients,0,0.05,0.470456600189209,0.4678495123982429,0.027605243556638
FAITH_001,F0_benefit_correction,0,CORAL-MSaux,Integrated Gradients,0,0.1,0.470456600189209,0.42573953717947,0.0353761476147614
FAITH_001,F0_benefit_correction,0,CORAL-MSaux,Integrated Gradients,0,0.2,0.470456600189209,0.4141677677631378,0.0299069149725351
FAITH_001,F0_benefit_correction,0,CORAL-MSaux,Integrated Gradients,0,0.3,0.470456600189209,0.3467016190290451,0.0644093155912749
FAITH_001,F0_benefit_correction,0,CORAL-MSaux,Occlusion,0,0.05,0.470456600189209,0.4590562582015991,0.0274292372044823
FAITH_001,F0_benefit_correction,0,CORAL-MSaux,Occlusion,0,0.1,0.470456600189209,0.4328289210796356,0.0371557405155372
FAITH_001,F0_benefit_correction,0,CORAL-MSaux,Occlusion,0,0.2,0.470456600189209,0.4185957551002502,0.0468431043512946
FAITH_001,F0_benefit_correction,0,CORAL-MSaux,Occlusion,0,0.3,0.470456600189209,0.3704316586256027,0.0510759503365671
FAITH_001,F0_benefit_correction,0,Original DeiT,Integrated Gradients,2,0.05,0.4626330733299255,0.4912037938833237,0.0674768219753747
FAITH_001,F0_benefit_correction,0,Original DeiT,Integrated Gradients,2,0.1,0.4626330733299255,0.6094890981912613,0.0735768421218206
FAITH_001,F0_benefit_correction,0,Original DeiT,Integrated Gradients,2,0.2,0.4626330733299255,0.6281217992305755,0.0673493385561313
FAITH_001,F0_benefit_correction,0,Original DeiT,Integrated Gradients,2,0.3,0.4626330733299255,0.6051636308431625,0.0386726075608596
FAITH_001,F0_benefit_correction,0,Original DeiT,Occlusion,2,0.05,0.4626330733299255,0.4786409944295883,0.0666981198268591
FAITH_001,F0_benefit_correction,0,Original DeiT,Occlusion,2,0.1,0.4626330733299255,0.6017935648560524,0.0670978828505893
FAITH_001,F0_benefit_correction,0,Original DeiT,Occlusion,2,0.2,0.4626330733299255,0.6543814450502395,0.0409095207770579
FAITH_001,F0_benefit_correction,0,Original DeiT,Occlusion,2,0.3,0.4626330733299255,0.5742085859179497,0.0469867557217037
FAITH_002,F0_boundary_disagreement,0,CORAL-MSaux,Integrated Gradients,1,0.05,0.4151670038700104,0.4138581246137619,0.001580762141183
FAITH_002,F0_boundary_disagreement,0,CORAL-MSaux,Integrated Gradients,1,0.1,0.4151670038700104,0.4127436116337776,0.0025866045090538
FAITH_002,F0_boundary_disagreement,0,CORAL-MSaux,Integrated Gradients,1,0.2,0.4151670038700104,0.410593158006668,0.0048518004907896
FAITH_002,F0_boundary_disagreement,0,CORAL-MSaux,Integrated Gradients,1,0.3,0.4151670038700104,0.4106740191578865,0.0040654009844947
FAITH_002,F0_boundary_disagreement,0,CORAL-MSaux,Occlusion,1,0.05,0.4151670038700104,0.4138493537902832,0.0016945070528483
FAITH_002,F0_boundary_disagreement,0,CORAL-MSaux,Occlusion,1,0.1,0.4151670038700104,0.4130280897021293,0.0019560381370643
FAITH_002,F0_boundary_disagreement,0,CORAL-MSaux,Occlusion,1,0.2,0.4151670038700104,0.4087785616517067,0.0126847052300228
FAITH_002,F0_boundary_disagreement,0,CORAL-MSaux,Occlusion,1,0.3,0.4151670038700104,0.4111970856785774,0.004614748611158
FAITH_002,F0_boundary_disagreement,0,Original DeiT,Integrated Gradients,3,0.05,0.7752780914306641,0.614549720287323,0.1599010280018724
FAITH_002,F0_boundary_disagreement,0,Original DeiT,Integrated Gradients,3,0.1,0.7752780914306641,0.6971210360527038,0.1540086586130861
FAITH_002,F0_boundary_disagreement,0,Original DeiT,Integrated Gradients,3,0.2,0.7752780914306641,0.7546879887580872,0.1070381930270941
FAITH_002,F0_boundary_disagreement,0,Original DeiT,Integrated Gradients,3,0.3,0.7752780914306641,0.7092574208974838,0.066926594567493
FAITH_002,F0_boundary_disagreement,0,Original DeiT,Occlusion,3,0.05,0.7752780914306641,0.6024355232715607,0.1989716892671408
FAITH_002,F0_boundary_disagreement,0,Original DeiT,Occlusion,3,0.1,0.7752780914306641,0.728083424270153,0.1186978494150874
FAITH_002,F0_boundary_disagreement,0,Original DeiT,Occlusion,3,0.2,0.7752780914306641,0.7953453570604324,0.0781529071075743
FAITH_002,F0_boundary_disagreement,0,Original DeiT,Occlusion,3,0.3,0.7752780914306641,0.6875570327043533,0.1201492063967487
FAITH_003,F0_challenge_error,0,CORAL-MSaux,Integrated Gradients,0,0.05,0.6803146600723267,0.6486451864242554,0.0377489309257474
FAITH_003,F0_challenge_error,0,CORAL-MSaux,Integrated Gradients,0,0.1,0.6803146600723267,0.5922242194414139,0.0520235823742246
FAITH_003,F0_challenge_error,0,CORAL-MSaux,Integrated Gradients,0,0.2,0.6803146600723267,0.554684317111969,0.0582236361920017
FAITH_003,F0_challenge_error,0,CORAL-MSaux,Integrated Gradients,0,0.3,0.6803146600723267,0.488446444272995,0.0701161739157154
FAITH_003,F0_challenge_error,0,CORAL-MSaux,Occlusion,0,0.05,0.6803146600723267,0.647506695985794,0.0382800101404427
FAITH_003,F0_challenge_error,0,CORAL-MSaux,Occlusion,0,0.1,0.6803146600723267,0.6055182248353959,0.0369822919438081
FAITH_003,F0_challenge_error,0,CORAL-MSaux,Occlusion,0,0.2,0.6803146600723267,0.5423515722155571,0.0693154051508724
FAITH_003,F0_challenge_error,0,CORAL-MSaux,Occlusion,0,0.3,0.6803146600723267,0.4783044502139091,0.0501945523175969
FAITH_003,F0_challenge_error,0,Original DeiT,Integrated Gradients,1,0.05,0.5051551461219788,0.4136415928602218,0.0649889806530742
FAITH_003,F0_challenge_error,0,Original DeiT,Integrated Gradients,1,0.1,0.5051551461219788,0.3060344383120537,0.084232982500751
FAITH_003,F0_challenge_error,0,Original DeiT,Integrated Gradients,1,0.2,0.5051551461219788,0.2755600988864898,0.0496857439565524
FAITH_003,F0_challenge_error,0,Original DeiT,Integrated Gradients,1,0.3,0.5051551461219788,0.2134573552757501,0.0551685014050029
FAITH_003,F0_challenge_error,0,Original DeiT,Occlusion,1,0.05,0.5051551461219788,0.4030612468719482,0.0544206180040015
FAITH_003,F0_challenge_error,0,Original DeiT,Occlusion,1,0.1,0.5051551461219788,0.3619755133986473,0.0707784351076691
FAITH_003,F0_challenge_error,0,Original DeiT,Occlusion,1,0.2,0.5051551461219788,0.2521019831299781,0.0609324672000584
FAITH_003,F0_challenge_error,0,Original DeiT,Occlusion,1,0.3,0.5051551461219788,0.2252708382904529,0.0568117213072983
FAITH_004,F0_correct_agreement,0,CORAL-MSaux,Integrated Gradients,0,0.05,0.8461852073669434,0.8126370877027511,0.0182994838076023
FAITH_004,F0_correct_agreement,0,CORAL-MSaux,Integrated Gradients,0,0.1,0.8461852073669434,0.7968370467424393,0.0222239418985621
FAITH_004,F0_correct_agreement,0,CORAL-MSaux,Integrated Gradients,0,0.2,0.8461852073669434,0.7263806194067002,0.038685095926705
FAITH_004,F0_correct_agreement,0,CORAL-MSaux,Integrated Gradients,0,0.3,0.8461852073669434,0.678616064786911,0.033885287387176
FAITH_004,F0_correct_agreement,0,CORAL-MSaux,Occlusion,0,0.05,0.8461852073669434,0.8226100236177445,0.0185434182089242
FAITH_004,F0_correct_agreement,0,CORAL-MSaux,Occlusion,0,0.1,0.8461852073669434,0.7958620846271515,0.0271962373338106
FAITH_004,F0_correct_agreement,0,CORAL-MSaux,Occlusion,0,0.2,0.8461852073669434,0.7293560743331909,0.036209174217626
FAITH_004,F0_correct_agreement,0,CORAL-MSaux,Occlusion,0,0.3,0.8461852073669434,0.6554650872945785,0.0404902000475116
FAITH_004,F0_correct_agreement,0,Original DeiT,Integrated Gradients,0,0.05,0.9108022451400756,0.2810013085603714,0.1009949501165613
FAITH_004,F0_correct_agreement,0,Original DeiT,Integrated Gradients,0,0.1,0.9108022451400756,0.1839882869273424,0.0391069094270988
FAITH_004,F0_correct_agreement,0,Original DeiT,Integrated Gradients,0,0.2,0.9108022451400756,0.1342838376760483,0.0189033800054965
FAITH_004,F0_correct_agreement,0,Original DeiT,Integrated Gradients,0,0.3,0.9108022451400756,0.1152983136475086,0.0224919115329683
FAITH_004,F0_correct_agreement,0,Original DeiT,Occlusion,0,0.05,0.9108022451400756,0.2923712857067585,0.076777333923329
FAITH_004,F0_correct_agreement,0,Original DeiT,Occlusion,0,0.1,0.9108022451400756,0.1716213095933199,0.0484659813838111
FAITH_004,F0_correct_agreement,0,Original DeiT,Occlusion,0,0.2,0.9108022451400756,0.1401446182280779,0.0368658148443732
FAITH_004,F0_correct_agreement,0,Original DeiT,Occlusion,0,0.3,0.9108022451400756,0.12454424649477,0.0181893567225765
FAITH_005,F1_benefit_correction,1,CORAL-MSaux,Integrated Gradients,0,0.05,0.5295806527137756,0.5145030915737152,0.0175786213195857
FAITH_005,F1_benefit_correction,1,CORAL-MSaux,Integrated Gradients,0,0.1,0.5295806527137756,0.5097233176231384,0.0296395320655727
FAITH_005,F1_benefit_correction,1,CORAL-MSaux,Integrated Gradients,0,0.2,0.5295806527137756,0.4596253752708435,0.0355272805695989
FAITH_005,F1_benefit_correction,1,CORAL-MSaux,Integrated Gradients,0,0.3,0.5295806527137756,0.3955877482891082,0.04280322561036
FAITH_005,F1_benefit_correction,1,CORAL-MSaux,Occlusion,0,0.05,0.5295806527137756,0.5208900213241577,0.0246040629957051
FAITH_005,F1_benefit_correction,1,CORAL-MSaux,Occlusion,0,0.1,0.5295806527137756,0.5079260349273682,0.023286521361714
FAITH_005,F1_benefit_correction,1,CORAL-MSaux,Occlusion,0,0.2,0.5295806527137756,0.4575294941663742,0.0454616041279678
FAITH_005,F1_benefit_correction,1,CORAL-MSaux,Occlusion,0,0.3,0.5295806527137756,0.3959508746862411,0.0347899531529293
FAITH_005,F1_benefit_correction,1,Original DeiT,Integrated Gradients,2,0.05,0.4730742871761322,0.5065706133842468,0.043001612406061
FAITH_005,F1_benefit_correction,1,Original DeiT,Integrated Gradients,2,0.1,0.4730742871761322,0.5565255105495452,0.0343026672077106
FAITH_005,F1_benefit_correction,1,Original DeiT,Integrated Gradients,2,0.2,0.4730742871761322,0.5460003346204758,0.0353677070173643
FAITH_005,F1_benefit_correction,1,Original DeiT,Integrated Gradients,2,0.3,0.4730742871761322,0.578832532465458,0.0336959422209603
FAITH_005,F1_benefit_correction,1,Original DeiT,Occlusion,2,0.05,0.4730742871761322,0.5158398926258088,0.0349392789055342
FAITH_005,F1_benefit_correction,1,Original DeiT,Occlusion,2,0.1,0.4730742871761322,0.5495928347110748,0.0344975772561947
FAITH_005,F1_benefit_correction,1,Original DeiT,Occlusion,2,0.2,0.4730742871761322,0.5469753295183182,0.0403359451442396
FAITH_005,F1_benefit_correction,1,Original DeiT,Occlusion,2,0.3,0.4730742871761322,0.5571569472551345,0.0235930945967055
FAITH_006,F1_boundary_disagreement,1,CORAL-MSaux,Integrated Gradients,0,0.05,0.5753597617149353,0.5726948380470276,0.0247700622109147
FAITH_006,F1_boundary_disagreement,1,CORAL-MSaux,Integrated Gradients,0,0.1,0.5753597617149353,0.5496044486761094,0.020589272927775
FAITH_006,F1_boundary_disagreement,1,CORAL-MSaux,Integrated Gradients,0,0.2,0.5753597617149353,0.5321299016475678,0.0470942650738865
FAITH_006,F1_boundary_disagreement,1,CORAL-MSaux,Integrated Gradients,0,0.3,0.5753597617149353,0.4688705593347549,0.038604643523677
FAITH_006,F1_boundary_disagreement,1,CORAL-MSaux,Occlusion,0,0.05,0.5753597617149353,0.5694362550973893,0.0267312695496383
FAITH_006,F1_boundary_disagreement,1,CORAL-MSaux,Occlusion,0,0.1,0.5753597617149353,0.5470259487628937,0.0271841528459696
FAITH_006,F1_boundary_disagreement,1,CORAL-MSaux,Occlusion,0,0.2,0.5753597617149353,0.49980438798666,0.0425602898714877
FAITH_006,F1_boundary_disagreement,1,CORAL-MSaux,Occlusion,0,0.3,0.5753597617149353,0.462435795366764,0.0371733252363947
FAITH_006,F1_boundary_disagreement,1,Original DeiT,Integrated Gradients,3,0.05,0.4849847257137298,0.5453136995434761,0.0804857973218558
FAITH_006,F1_boundary_disagreement,1,Original DeiT,Integrated Gradients,3,0.1,0.4849847257137298,0.602047972381115,0.0623432497591395
FAITH_006,F1_boundary_disagreement,1,Original DeiT,Integrated Gradients,3,0.2,0.4849847257137298,0.6526197671890259,0.0470301221417019
FAITH_006,F1_boundary_disagreement,1,Original DeiT,Integrated Gradients,3,0.3,0.4849847257137298,0.6326461732387543,0.0571222496716707
FAITH_006,F1_boundary_disagreement,1,Original DeiT,Occlusion,3,0.05,0.4849847257137298,0.5016997307538986,0.1087605533922319
FAITH_006,F1_boundary_disagreement,1,Original DeiT,Occlusion,3,0.1,0.4849847257137298,0.6018530055880547,0.0605864734460704
FAITH_006,F1_boundary_disagreement,1,Original DeiT,Occlusion,3,0.2,0.4849847257137298,0.6205652058124542,0.0806482481344446
FAITH_006,F1_boundary_disagreement,1,Original DeiT,Occlusion,3,0.3,0.4849847257137298,0.6466787248849869,0.0595413439134906
FAITH_007,F1_challenge_error,1,CORAL-MSaux,Integrated Gradients,0,0.05,0.8338190317153931,0.8337738782167434,0.0136534770503617
FAITH_007,F1_challenge_error,1,CORAL-MSaux,Integrated Gradients,0,0.1,0.8338190317153931,0.8157014191150666,0.016575869501657
FAITH_007,F1_challenge_error,1,CORAL-MSaux,Integrated Gradients,0,0.2,0.8338190317153931,0.7846995502710342,0.021064222754158
FAITH_007,F1_challenge_error,1,CORAL-MSaux,Integrated Gradients,0,0.3,0.8338190317153931,0.7129205405712128,0.0483853739569088
FAITH_007,F1_challenge_error,1,CORAL-MSaux,Occlusion,0,0.05,0.8338190317153931,0.8289221912622452,0.0141781391501538
FAITH_007,F1_challenge_error,1,CORAL-MSaux,Occlusion,0,0.1,0.8338190317153931,0.8238609194755554,0.0176856303966599
FAITH_007,F1_challenge_error,1,CORAL-MSaux,Occlusion,0,0.2,0.8338190317153931,0.7766236215829849,0.0387740068728309
FAITH_007,F1_challenge_error,1,CORAL-MSaux,Occlusion,0,0.3,0.8338190317153931,0.7280783176422119,0.0414643125410726
FAITH_007,F1_challenge_error,1,Original DeiT,Integrated Gradients,1,0.05,0.479511559009552,0.4236247912049293,0.041982676313659
FAITH_007,F1_challenge_error,1,Original DeiT,Integrated Gradients,1,0.1,0.479511559009552,0.3670940563082695,0.0417195682373595
FAITH_007,F1_challenge_error,1,Original DeiT,Integrated Gradients,1,0.2,0.479511559009552,0.281872559338808,0.0380062011086018
FAITH_007,F1_challenge_error,1,Original DeiT,Integrated Gradients,1,0.3,0.479511559009552,0.2268668591976165,0.0358875660192768
FAITH_007,F1_challenge_error,1,Original DeiT,Occlusion,1,0.05,0.479511559009552,0.4148817256093025,0.0540981205734332
FAITH_007,F1_challenge_error,1,Original DeiT,Occlusion,1,0.1,0.479511559009552,0.3661520808935165,0.0266806004417965
FAITH_007,F1_challenge_error,1,Original DeiT,Occlusion,1,0.2,0.479511559009552,0.2862764172255992,0.0300051358824921
FAITH_007,F1_challenge_error,1,Original DeiT,Occlusion,1,0.3,0.479511559009552,0.2413008533418178,0.038067638240723
FAITH_008,F1_correct_agreement,1,CORAL-MSaux,Integrated Gradients,0,0.05,0.9504956007003784,0.959603387117386,0.0044960567124805
FAITH_008,F1_correct_agreement,1,CORAL-MSaux,Integrated Gradients,0,0.1,0.9504956007003784,0.9589590489864348,0.006256422163232
FAITH_008,F1_correct_agreement,1,CORAL-MSaux,Integrated Gradients,0,0.2,0.9504956007003784,0.9385968983173372,0.0113118052033066
FAITH_008,F1_correct_agreement,1,CORAL-MSaux,Integrated Gradients,0,0.3,0.9504956007003784,0.8845776557922364,0.0220687133247625
FAITH_008,F1_correct_agreement,1,CORAL-MSaux,Occlusion,0,0.05,0.9504956007003784,0.960051202774048,0.0040283270412999
FAITH_008,F1_correct_agreement,1,CORAL-MSaux,Occlusion,0,0.1,0.9504956007003784,0.9564307421445848,0.0058388235464375
FAITH_008,F1_correct_agreement,1,CORAL-MSaux,Occlusion,0,0.2,0.9504956007003784,0.9404849737882616,0.0094621636283568
FAITH_008,F1_correct_agreement,1,CORAL-MSaux,Occlusion,0,0.3,0.9504956007003784,0.8930774420499802,0.0183636519673065
FAITH_008,F1_correct_agreement,1,Original DeiT,Integrated Gradients,0,0.05,0.7979549765586853,0.362847663462162,0.0448746880510273
FAITH_008,F1_correct_agreement,1,Original DeiT,Integrated Gradients,0,0.1,0.7979549765586853,0.2585269160568714,0.0549932516519322
FAITH_008,F1_correct_agreement,1,Original DeiT,Integrated Gradients,0,0.2,0.7979549765586853,0.2083788812160492,0.0585883109426634
FAITH_008,F1_correct_agreement,1,Original DeiT,Integrated Gradients,0,0.3,0.7979549765586853,0.2219386093318462,0.0506801289322511
FAITH_008,F1_correct_agreement,1,Original DeiT,Occlusion,0,0.05,0.7979549765586853,0.3832495748996735,0.0552614666152629
FAITH_008,F1_correct_agreement,1,Original DeiT,Occlusion,0,0.1,0.7979549765586853,0.3055244967341423,0.0586096397000185
FAITH_008,F1_correct_agreement,1,Original DeiT,Occlusion,0,0.2,0.7979549765586853,0.2362528122961521,0.0516055003028048
FAITH_008,F1_correct_agreement,1,Original DeiT,Occlusion,0,0.3,0.7979549765586853,0.2141612704843282,0.0597716524323789
FAITH_009,F2_benefit_correction,2,CORAL-MSaux,Integrated Gradients,1,0.05,0.4028988182544708,0.3566061407327652,0.0330083911214145
FAITH_009,F2_benefit_correction,2,CORAL-MSaux,Integrated Gradients,1,0.1,0.4028988182544708,0.3324387982487679,0.0544549882848586
FAITH_009,F2_benefit_correction,2,CORAL-MSaux,Integrated Gradients,1,0.2,0.4028988182544708,0.2866556912660599,0.0711572466752897
FAITH_009,F2_benefit_correction,2,CORAL-MSaux,Integrated Gradients,1,0.3,0.4028988182544708,0.2720796316862106,0.0706376312592005
FAITH_009,F2_benefit_correction,2,CORAL-MSaux,Occlusion,1,0.05,0.4028988182544708,0.3589751988649368,0.0380628421617425
FAITH_009,F2_benefit_correction,2,CORAL-MSaux,Occlusion,1,0.1,0.4028988182544708,0.3443176195025444,0.0573661728101993
FAITH_009,F2_benefit_correction,2,CORAL-MSaux,Occlusion,1,0.2,0.4028988182544708,0.3088792786002159,0.0636261673547282
FAITH_009,F2_benefit_correction,2,CORAL-MSaux,Occlusion,1,0.3,0.4028988182544708,0.301398891210556,0.0831317886494066
FAITH_009,F2_benefit_correction,2,Original DeiT,Integrated Gradients,3,0.05,0.5129826068878174,0.4800684981048107,0.1300465606628487
FAITH_009,F2_benefit_correction,2,Original DeiT,Integrated Gradients,3,0.1,0.5129826068878174,0.573055773973465,0.1543770132335302
FAITH_009,F2_benefit_correction,2,Original DeiT,Integrated Gradients,3,0.2,0.5129826068878174,0.5529343292117119,0.148467449813935
FAITH_009,F2_benefit_correction,2,Original DeiT,Integrated Gradients,3,0.3,0.5129826068878174,0.428764721006155,0.1466186839135279
FAITH_009,F2_benefit_correction,2,Original DeiT,Occlusion,3,0.05,0.5129826068878174,0.4891672827303409,0.1723180170373842
FAITH_009,F2_benefit_correction,2,Original DeiT,Occlusion,3,0.1,0.5129826068878174,0.587918347120285,0.1072338523526989
FAITH_009,F2_benefit_correction,2,Original DeiT,Occlusion,3,0.2,0.5129826068878174,0.5409994661808014,0.1307305228742296
FAITH_009,F2_benefit_correction,2,Original DeiT,Occlusion,3,0.3,0.5129826068878174,0.523616100102663,0.1295938434784558
FAITH_010,F2_boundary_disagreement,2,CORAL-MSaux,Integrated Gradients,0,0.05,0.4962782263755798,0.474387976527214,0.0279642316825335
FAITH_010,F2_boundary_disagreement,2,CORAL-MSaux,Integrated Gradients,0,0.1,0.4962782263755798,0.4471555233001709,0.0280827487042553
FAITH_010,F2_boundary_disagreement,2,CORAL-MSaux,Integrated Gradients,0,0.2,0.4962782263755798,0.3948773071169853,0.0357345062320034
FAITH_010,F2_boundary_disagreement,2,CORAL-MSaux,Integrated Gradients,0,0.3,0.4962782263755798,0.3195646896958351,0.0272889367338844
FAITH_010,F2_boundary_disagreement,2,CORAL-MSaux,Occlusion,0,0.05,0.4962782263755798,0.4827183499932289,0.026417981318979
FAITH_010,F2_boundary_disagreement,2,CORAL-MSaux,Occlusion,0,0.1,0.4962782263755798,0.4463324710726738,0.0292539692990183
FAITH_010,F2_boundary_disagreement,2,CORAL-MSaux,Occlusion,0,0.2,0.4962782263755798,0.3851285308599472,0.0350788227886267
FAITH_010,F2_boundary_disagreement,2,CORAL-MSaux,Occlusion,0,0.3,0.4962782263755798,0.3275610357522964,0.0372640497741418
FAITH_010,F2_boundary_disagreement,2,Original DeiT,Integrated Gradients,2,0.05,0.6099440455436707,0.546400924026966,0.0502279084828758
FAITH_010,F2_boundary_disagreement,2,Original DeiT,Integrated Gradients,2,0.1,0.6099440455436707,0.5826442450284958,0.0472694531031414
FAITH_010,F2_boundary_disagreement,2,Original DeiT,Integrated Gradients,2,0.2,0.6099440455436707,0.4992531880736351,0.0537194090453488
FAITH_010,F2_boundary_disagreement,2,Original DeiT,Integrated Gradients,2,0.3,0.6099440455436707,0.4826343521475792,0.0465794289521331
FAITH_010,F2_boundary_disagreement,2,Original DeiT,Occlusion,2,0.05,0.6099440455436707,0.5431968808174134,0.0772393826857335
FAITH_010,F2_boundary_disagreement,2,Original DeiT,Occlusion,2,0.1,0.6099440455436707,0.5790289729833603,0.0382343891894719
FAITH_010,F2_boundary_disagreement,2,Original DeiT,Occlusion,2,0.2,0.6099440455436707,0.5179422259330749,0.0489392783909414
FAITH_010,F2_boundary_disagreement,2,Original DeiT,Occlusion,2,0.3,0.6099440455436707,0.4702217325568199,0.047656687808825
FAITH_011,F2_challenge_error,2,CORAL-MSaux,Integrated Gradients,0,0.05,0.6275050640106201,0.6018586307764053,0.0309215114130446
FAITH_011,F2_challenge_error,2,CORAL-MSaux,Integrated Gradients,0,0.1,0.6275050640106201,0.5791509538888931,0.0327687742374655
FAITH_011,F2_challenge_error,2,CORAL-MSaux,Integrated Gradients,0,0.2,0.6275050640106201,0.5036239802837372,0.0381071705718672
FAITH_011,F2_challenge_error,2,CORAL-MSaux,Integrated Gradients,0,0.3,0.6275050640106201,0.4235975623130798,0.0469528198283958
FAITH_011,F2_challenge_error,2,CORAL-MSaux,Occlusion,0,0.05,0.6275050640106201,0.5931250005960464,0.0243547035920247
FAITH_011,F2_challenge_error,2,CORAL-MSaux,Occlusion,0,0.1,0.6275050640106201,0.576641184091568,0.0275829559673043
FAITH_011,F2_challenge_error,2,CORAL-MSaux,Occlusion,0,0.2,0.6275050640106201,0.4814564496278762,0.0339649176408322
FAITH_011,F2_challenge_error,2,CORAL-MSaux,Occlusion,0,0.3,0.6275050640106201,0.4042323112487793,0.0347682746369437
FAITH_011,F2_challenge_error,2,Original DeiT,Integrated Gradients,1,0.05,0.6261646151542664,0.4541900351643562,0.0923221406128114
FAITH_011,F2_challenge_error,2,Original DeiT,Integrated Gradients,1,0.1,0.6261646151542664,0.172299263626337,0.0597345597341484
FAITH_011,F2_challenge_error,2,Original DeiT,Integrated Gradients,1,0.2,0.6261646151542664,0.0773352200165391,0.0217938566274823
FAITH_011,F2_challenge_error,2,Original DeiT,Integrated Gradients,1,0.3,0.6261646151542664,0.0767097728326916,0.0265546009724666
FAITH_011,F2_challenge_error,2,Original DeiT,Occlusion,1,0.05,0.6261646151542664,0.3954199120402336,0.0775247329543752
FAITH_011,F2_challenge_error,2,Original DeiT,Occlusion,1,0.1,0.6261646151542664,0.1880735047161579,0.0632491272456149
FAITH_011,F2_challenge_error,2,Original DeiT,Occlusion,1,0.2,0.6261646151542664,0.0908080184832215,0.0288070907762145
FAITH_011,F2_challenge_error,2,Original DeiT,Occlusion,1,0.3,0.6261646151542664,0.0710016138851642,0.0181037153148895
FAITH_012,F2_correct_agreement,2,CORAL-MSaux,Integrated Gradients,0,0.05,0.9123356342315674,0.8810393303632736,0.0217947274504081
FAITH_012,F2_correct_agreement,2,CORAL-MSaux,Integrated Gradients,0,0.1,0.9123356342315674,0.8566972553730011,0.0224745131109263
FAITH_012,F2_correct_agreement,2,CORAL-MSaux,Integrated Gradients,0,0.2,0.9123356342315674,0.8051607370376587,0.0430142563616674
FAITH_012,F2_correct_agreement,2,CORAL-MSaux,Integrated Gradients,0,0.3,0.9123356342315674,0.710739815235138,0.050764583955742
FAITH_012,F2_correct_agreement,2,CORAL-MSaux,Occlusion,0,0.05,0.9123356342315674,0.8912728995084762,0.0195875220658472
FAITH_012,F2_correct_agreement,2,CORAL-MSaux,Occlusion,0,0.1,0.9123356342315674,0.8594502598047257,0.0209487367604462
FAITH_012,F2_correct_agreement,2,CORAL-MSaux,Occlusion,0,0.2,0.9123356342315674,0.8010410696268082,0.0383208384480808
FAITH_012,F2_correct_agreement,2,CORAL-MSaux,Occlusion,0,0.3,0.9123356342315674,0.6956730663776398,0.0433967578820259
FAITH_012,F2_correct_agreement,2,Original DeiT,Integrated Gradients,0,0.05,0.8495439887046814,0.663910636305809,0.0877159583120296
FAITH_012,F2_correct_agreement,2,Original DeiT,Integrated Gradients,0,0.1,0.8495439887046814,0.4886800646781921,0.1072174681676693
FAITH_012,F2_correct_agreement,2,Original DeiT,Integrated Gradients,0,0.2,0.8495439887046814,0.2910413205623626,0.1019449279748034
FAITH_012,F2_correct_agreement,2,Original DeiT,Integrated Gradients,0,0.3,0.8495439887046814,0.1509385108947754,0.0413205991280266
FAITH_012,F2_correct_agreement,2,Original DeiT,Occlusion,0,0.05,0.8495439887046814,0.6449282377958298,0.1028566377347752
FAITH_012,F2_correct_agreement,2,Original DeiT,Occlusion,0,0.1,0.8495439887046814,0.4988524168729782,0.1118189921620468
FAITH_012,F2_correct_agreement,2,Original DeiT,Occlusion,0,0.2,0.8495439887046814,0.276461286842823,0.1071759690068132
FAITH_012,F2_correct_agreement,2,Original DeiT,Occlusion,0,0.3,0.8495439887046814,0.1899324290454387,0.070896887658992
FAITH_013,F3_benefit_correction,3,CORAL-MSaux,Integrated Gradients,2,0.05,0.4568527042865753,0.4490541607141495,0.0083174169372566
FAITH_013,F3_benefit_correction,3,CORAL-MSaux,Integrated Gradients,2,0.1,0.4568527042865753,0.4510967284440994,0.0058675109786573
FAITH_013,F3_benefit_correction,3,CORAL-MSaux,Integrated Gradients,2,0.2,0.4568527042865753,0.4415729060769081,0.0160519545253974
FAITH_013,F3_benefit_correction,3,CORAL-MSaux,Integrated Gradients,2,0.3,0.4568527042865753,0.442491839826107,0.0200501737230772
FAITH_013,F3_benefit_correction,3,CORAL-MSaux,Occlusion,2,0.05,0.4568527042865753,0.4523942977190017,0.0046481954421535
FAITH_013,F3_benefit_correction,3,CORAL-MSaux,Occlusion,2,0.1,0.4568527042865753,0.4486004218459129,0.0080467486577893
FAITH_013,F3_benefit_correction,3,CORAL-MSaux,Occlusion,2,0.2,0.4568527042865753,0.4508173987269401,0.0052950668714915
FAITH_013,F3_benefit_correction,3,CORAL-MSaux,Occlusion,2,0.3,0.4568527042865753,0.4454110771417617,0.0123030832458747
FAITH_013,F3_benefit_correction,3,Original DeiT,Integrated Gradients,3,0.05,0.5886966586112976,0.706471985578537,0.0576410986473711
FAITH_013,F3_benefit_correction,3,Original DeiT,Integrated Gradients,3,0.1,0.5886966586112976,0.7416202068328858,0.0439931668978986
FAITH_013,F3_benefit_correction,3,Original DeiT,Integrated Gradients,3,0.2,0.5886966586112976,0.682601523399353,0.0390593912305013
FAITH_013,F3_benefit_correction,3,Original DeiT,Integrated Gradients,3,0.3,0.5886966586112976,0.6612541913986206,0.043346007854427
FAITH_013,F3_benefit_correction,3,Original DeiT,Occlusion,3,0.05,0.5886966586112976,0.6645958602428437,0.061107562259861
FAITH_013,F3_benefit_correction,3,Original DeiT,Occlusion,3,0.1,0.5886966586112976,0.7397325515747071,0.0459199226725449
FAITH_013,F3_benefit_correction,3,Original DeiT,Occlusion,3,0.2,0.5886966586112976,0.6943983346223831,0.0550487261081166
FAITH_013,F3_benefit_correction,3,Original DeiT,Occlusion,3,0.3,0.5886966586112976,0.6455254405736923,0.0548668774153969
FAITH_014,F3_boundary_disagreement,3,CORAL-MSaux,Integrated Gradients,0,0.05,0.4025394320487976,0.3730604439973831,0.0241729312955166
FAITH_014,F3_boundary_disagreement,3,CORAL-MSaux,Integrated Gradients,0,0.1,0.4025394320487976,0.3559212654829025,0.0335663120122402
FAITH_014,F3_boundary_disagreement,3,CORAL-MSaux,Integrated Gradients,0,0.2,0.4025394320487976,0.32286516726017,0.0449219224854977
FAITH_014,F3_boundary_disagreement,3,CORAL-MSaux,Integrated Gradients,0,0.3,0.4025394320487976,0.3021268665790558,0.0482861187857447
FAITH_014,F3_boundary_disagreement,3,CORAL-MSaux,Occlusion,0,0.05,0.4025394320487976,0.3857973724603653,0.0340460529683746
FAITH_014,F3_boundary_disagreement,3,CORAL-MSaux,Occlusion,0,0.1,0.4025394320487976,0.3611308664083481,0.0388752288062846
FAITH_014,F3_boundary_disagreement,3,CORAL-MSaux,Occlusion,0,0.2,0.4025394320487976,0.3290943533182144,0.0343282154826617
FAITH_014,F3_boundary_disagreement,3,CORAL-MSaux,Occlusion,0,0.3,0.4025394320487976,0.3028596609830856,0.0391284192751156
FAITH_014,F3_boundary_disagreement,3,Original DeiT,Integrated Gradients,2,0.05,0.4884445369243622,0.5422545954585075,0.0363964630415252
FAITH_014,F3_boundary_disagreement,3,Original DeiT,Integrated Gradients,2,0.1,0.4884445369243622,0.5257169008255005,0.0291612364026844
FAITH_014,F3_boundary_disagreement,3,Original DeiT,Integrated Gradients,2,0.2,0.4884445369243622,0.3728887781500816,0.0643640234859476
FAITH_014,F3_boundary_disagreement,3,Original DeiT,Integrated Gradients,2,0.3,0.4884445369243622,0.3516642622649669,0.0673102062246874
FAITH_014,F3_boundary_disagreement,3,Original DeiT,Occlusion,2,0.05,0.4884445369243622,0.5362318888306618,0.0320722705479373
FAITH_014,F3_boundary_disagreement,3,Original DeiT,Occlusion,2,0.1,0.4884445369243622,0.5070305451750755,0.0489876062298234
FAITH_014,F3_boundary_disagreement,3,Original DeiT,Occlusion,2,0.2,0.4884445369243622,0.3891661375761032,0.0731326154148157
FAITH_014,F3_boundary_disagreement,3,Original DeiT,Occlusion,2,0.3,0.4884445369243622,0.3329066723585129,0.0611994350462625
FAITH_015,F3_challenge_error,3,CORAL-MSaux,Integrated Gradients,0,0.05,0.8814696669578552,0.8517600238323212,0.0251043561760358
FAITH_015,F3_challenge_error,3,CORAL-MSaux,Integrated Gradients,0,0.1,0.8814696669578552,0.8302473336458206,0.0218532234732412
FAITH_015,F3_challenge_error,3,CORAL-MSaux,Integrated Gradients,0,0.2,0.8814696669578552,0.7503132909536362,0.0331539208140588
FAITH_015,F3_challenge_error,3,CORAL-MSaux,Integrated Gradients,0,0.3,0.8814696669578552,0.6304005861282349,0.047173292392636
FAITH_015,F3_challenge_error,3,CORAL-MSaux,Occlusion,0,0.05,0.8814696669578552,0.8487596571445465,0.0176734972152113
FAITH_015,F3_challenge_error,3,CORAL-MSaux,Occlusion,0,0.1,0.8814696669578552,0.8214583933353424,0.0265875461775025
FAITH_015,F3_challenge_error,3,CORAL-MSaux,Occlusion,0,0.2,0.8814696669578552,0.7282909184694291,0.0550582804755886
FAITH_015,F3_challenge_error,3,CORAL-MSaux,Occlusion,0,0.3,0.8814696669578552,0.6107704371213913,0.0491865580260979
FAITH_015,F3_challenge_error,3,Original DeiT,Integrated Gradients,0,0.05,0.4825629591941833,0.1232754524797201,0.0211952252736939
FAITH_015,F3_challenge_error,3,Original DeiT,Integrated Gradients,0,0.1,0.4825629591941833,0.0757019266486167,0.0177884496949172
FAITH_015,F3_challenge_error,3,Original DeiT,Integrated Gradients,0,0.2,0.4825629591941833,0.0531131962314248,0.0092280147759606
FAITH_015,F3_challenge_error,3,Original DeiT,Integrated Gradients,0,0.3,0.4825629591941833,0.0449376084841787,0.0099046070616439
FAITH_015,F3_challenge_error,3,Original DeiT,Occlusion,0,0.05,0.4825629591941833,0.1306195568293333,0.0273568098228332
FAITH_015,F3_challenge_error,3,Original DeiT,Occlusion,0,0.1,0.4825629591941833,0.0850805528461933,0.0145149571925603
FAITH_015,F3_challenge_error,3,Original DeiT,Occlusion,0,0.2,0.4825629591941833,0.0469899371266365,0.0084533811441855
FAITH_015,F3_challenge_error,3,Original DeiT,Occlusion,0,0.3,0.4825629591941833,0.0414675375446677,0.0052714429078038
FAITH_016,F3_correct_agreement,3,CORAL-MSaux,Integrated Gradients,0,0.05,0.9811886548995972,0.9752925515174866,0.0033955574471008
FAITH_016,F3_correct_agreement,3,CORAL-MSaux,Integrated Gradients,0,0.1,0.9811886548995972,0.9686770141124724,0.0063159388632203
FAITH_016,F3_correct_agreement,3,CORAL-MSaux,Integrated Gradients,0,0.2,0.9811886548995972,0.941946655511856,0.0130629966820256
FAITH_016,F3_correct_agreement,3,CORAL-MSaux,Integrated Gradients,0,0.3,0.9811886548995972,0.9049966305494308,0.0161451717327941
FAITH_016,F3_correct_agreement,3,CORAL-MSaux,Occlusion,0,0.05,0.9811886548995972,0.9749156683683396,0.0038366606431678
FAITH_016,F3_correct_agreement,3,CORAL-MSaux,Occlusion,0,0.1,0.9811886548995972,0.9665555834770204,0.0066921354857227
FAITH_016,F3_correct_agreement,3,CORAL-MSaux,Occlusion,0,0.2,0.9811886548995972,0.9473377972841264,0.0084465196130256
FAITH_016,F3_correct_agreement,3,CORAL-MSaux,Occlusion,0,0.3,0.9811886548995972,0.8999289840459823,0.0194479441335127
FAITH_016,F3_correct_agreement,3,Original DeiT,Integrated Gradients,0,0.05,0.930015742778778,0.3748226165771484,0.1073807152953315
FAITH_016,F3_correct_agreement,3,Original DeiT,Integrated Gradients,0,0.1,0.930015742778778,0.1583780091255903,0.0586566410950588
FAITH_016,F3_correct_agreement,3,Original DeiT,Integrated Gradients,0,0.2,0.930015742778778,0.0650900483131408,0.0183761498149312
FAITH_016,F3_correct_agreement,3,Original DeiT,Integrated Gradients,0,0.3,0.930015742778778,0.0419250658713281,0.0095575974294218
FAITH_016,F3_correct_agreement,3,Original DeiT,Occlusion,0,0.05,0.930015742778778,0.3844200886785984,0.097847152127371
FAITH_016,F3_correct_agreement,3,Original DeiT,Occlusion,0,0.1,0.930015742778778,0.1764137253165245,0.05386952662327
FAITH_016,F3_correct_agreement,3,Original DeiT,Occlusion,0,0.2,0.930015742778778,0.0638054428622126,0.0243410795906735
FAITH_016,F3_correct_agreement,3,Original DeiT,Occlusion,0,0.3,0.930015742778778,0.0410003283061087,0.0082642366770493
FAITH_017,F4_benefit_correction,4,CORAL-MSaux,Integrated Gradients,0,0.05,0.4592854976654053,0.4455369308590889,0.0419156170885517
FAITH_017,F4_benefit_correction,4,CORAL-MSaux,Integrated Gradients,0,0.1,0.4592854976654053,0.4067102700471878,0.05005679542339
FAITH_017,F4_benefit_correction,4,CORAL-MSaux,Integrated Gradients,0,0.2,0.4592854976654053,0.4104163408279419,0.0626312456034174
FAITH_017,F4_benefit_correction,4,CORAL-MSaux,Integrated Gradients,0,0.3,0.4592854976654053,0.3711239010095596,0.0443146370925218
FAITH_017,F4_benefit_correction,4,CORAL-MSaux,Occlusion,0,0.05,0.4592854976654053,0.4364991128444672,0.0381099884558704
FAITH_017,F4_benefit_correction,4,CORAL-MSaux,Occlusion,0,0.1,0.4592854976654053,0.4099315583705902,0.0523956313671715
FAITH_017,F4_benefit_correction,4,CORAL-MSaux,Occlusion,0,0.2,0.4592854976654053,0.3790643692016601,0.0518000960419559
FAITH_017,F4_benefit_correction,4,CORAL-MSaux,Occlusion,0,0.3,0.4592854976654053,0.3696079656481743,0.0668891131777745
FAITH_017,F4_benefit_correction,4,Original DeiT,Integrated Gradients,2,0.05,0.4431870877742767,0.6346016615629196,0.0429566140617544
FAITH_017,F4_benefit_correction,4,Original DeiT,Integrated Gradients,2,0.1,0.4431870877742767,0.4997466132044792,0.0523005197173251
FAITH_017,F4_benefit_correction,4,Original DeiT,Integrated Gradients,2,0.2,0.4431870877742767,0.3397659450769424,0.0636778881078838
FAITH_017,F4_benefit_correction,4,Original DeiT,Integrated Gradients,2,0.3,0.4431870877742767,0.2361767843365669,0.0702899038864439
FAITH_017,F4_benefit_correction,4,Original DeiT,Occlusion,2,0.05,0.4431870877742767,0.6379760503768921,0.0462421874827692
FAITH_017,F4_benefit_correction,4,Original DeiT,Occlusion,2,0.1,0.4431870877742767,0.4735511004924774,0.0764647149075876
FAITH_017,F4_benefit_correction,4,Original DeiT,Occlusion,2,0.2,0.4431870877742767,0.3434941366314888,0.0890049683058419
FAITH_017,F4_benefit_correction,4,Original DeiT,Occlusion,2,0.3,0.4431870877742767,0.2421634569764137,0.0739794327635154
FAITH_018,F4_boundary_disagreement,4,CORAL-MSaux,Integrated Gradients,0,0.05,0.4958971738815307,0.4625423103570938,0.0437894592626369
FAITH_018,F4_boundary_disagreement,4,CORAL-MSaux,Integrated Gradients,0,0.1,0.4958971738815307,0.4289267033338547,0.0450390788936901
FAITH_018,F4_boundary_disagreement,4,CORAL-MSaux,Integrated Gradients,0,0.2,0.4958971738815307,0.3683032423257827,0.0378943923126602
FAITH_018,F4_boundary_disagreement,4,CORAL-MSaux,Integrated Gradients,0,0.3,0.4958971738815307,0.3332189917564392,0.0482568643213893
FAITH_018,F4_boundary_disagreement,4,CORAL-MSaux,Occlusion,0,0.05,0.4958971738815307,0.4496211245656013,0.0311646921047008
FAITH_018,F4_boundary_disagreement,4,CORAL-MSaux,Occlusion,0,0.1,0.4958971738815307,0.4235336393117904,0.0576036547563096
FAITH_018,F4_boundary_disagreement,4,CORAL-MSaux,Occlusion,0,0.2,0.4958971738815307,0.3531749904155731,0.0465240350015763
FAITH_018,F4_boundary_disagreement,4,CORAL-MSaux,Occlusion,0,0.3,0.4958971738815307,0.3113408774137497,0.0537470418313251
FAITH_018,F4_boundary_disagreement,4,Original DeiT,Integrated Gradients,3,0.05,0.5144583582878113,0.782818615436554,0.0503737189815267
FAITH_018,F4_boundary_disagreement,4,Original DeiT,Integrated Gradients,3,0.1,0.5144583582878113,0.7811437726020813,0.0454998864665079
FAITH_018,F4_boundary_disagreement,4,Original DeiT,Integrated Gradients,3,0.2,0.5144583582878113,0.8253106951713562,0.0325711993828274
FAITH_018,F4_boundary_disagreement,4,Original DeiT,Integrated Gradients,3,0.3,0.5144583582878113,0.8182357639074326,0.0289497058253333
FAITH_018,F4_boundary_disagreement,4,Original DeiT,Occlusion,3,0.05,0.5144583582878113,0.7884718209505082,0.050905716857128
FAITH_018,F4_boundary_disagreement,4,Original DeiT,Occlusion,3,0.1,0.5144583582878113,0.7742391258478165,0.0453305682067989
FAITH_018,F4_boundary_disagreement,4,Original DeiT,Occlusion,3,0.2,0.5144583582878113,0.8120803564786911,0.0438278679485286
FAITH_018,F4_boundary_disagreement,4,Original DeiT,Occlusion,3,0.3,0.5144583582878113,0.817232808470726,0.0322899332619793
FAITH_019,F4_challenge_error,4,CORAL-MSaux,Integrated Gradients,1,0.05,0.3756968975067138,0.3733990907669067,0.0114104169294148
FAITH_019,F4_challenge_error,4,CORAL-MSaux,Integrated Gradients,1,0.1,0.3756968975067138,0.3726471975445747,0.0124411446965948
FAITH_019,F4_challenge_error,4,CORAL-MSaux,Integrated Gradients,1,0.2,0.3756968975067138,0.3782055541872978,0.0143600195350418
FAITH_019,F4_challenge_error,4,CORAL-MSaux,Integrated Gradients,1,0.3,0.3756968975067138,0.3834913685917854,0.0130204454373717
FAITH_019,F4_challenge_error,4,CORAL-MSaux,Occlusion,1,0.05,0.3756968975067138,0.3740000605583191,0.0091339173869332
FAITH_019,F4_challenge_error,4,CORAL-MSaux,Occlusion,1,0.1,0.3756968975067138,0.3798046573996544,0.0096626073304557
FAITH_019,F4_challenge_error,4,CORAL-MSaux,Occlusion,1,0.2,0.3756968975067138,0.3820245429873466,0.0119272525332346
FAITH_019,F4_challenge_error,4,CORAL-MSaux,Occlusion,1,0.3,0.3756968975067138,0.3787177622318268,0.020107788964945
FAITH_019,F4_challenge_error,4,Original DeiT,Integrated Gradients,1,0.05,0.6224613785743713,0.3118789188563823,0.0512522577471647
FAITH_019,F4_challenge_error,4,Original DeiT,Integrated Gradients,1,0.1,0.6224613785743713,0.1968136869370937,0.0273271442352435
FAITH_019,F4_challenge_error,4,Original DeiT,Integrated Gradients,1,0.2,0.6224613785743713,0.0898289855569601,0.0353563614205543
FAITH_019,F4_challenge_error,4,Original DeiT,Integrated Gradients,1,0.3,0.6224613785743713,0.0438021612353622,0.0174582780104752
FAITH_019,F4_challenge_error,4,Original DeiT,Occlusion,1,0.05,0.6224613785743713,0.3313787676393985,0.0379627732849416
FAITH_019,F4_challenge_error,4,Original DeiT,Occlusion,1,0.1,0.6224613785743713,0.199351030215621,0.0541420393623649
FAITH_019,F4_challenge_error,4,Original DeiT,Occlusion,1,0.2,0.6224613785743713,0.0867735806852579,0.0384766544130104
FAITH_019,F4_challenge_error,4,Original DeiT,Occlusion,1,0.3,0.6224613785743713,0.0553859060630202,0.0257209241681269
FAITH_020,F4_correct_agreement,4,CORAL-MSaux,Integrated Gradients,0,0.05,0.90666526556015,0.887811005115509,0.0217444815177691
FAITH_020,F4_correct_agreement,4,CORAL-MSaux,Integrated Gradients,0,0.1,0.90666526556015,0.8632862538099288,0.0296265749664487
FAITH_020,F4_correct_agreement,4,CORAL-MSaux,Integrated Gradients,0,0.2,0.90666526556015,0.8092879086732865,0.0234160422944021
FAITH_020,F4_correct_agreement,4,CORAL-MSaux,Integrated Gradients,0,0.3,0.90666526556015,0.7309637427330017,0.0565740867294155
FAITH_020,F4_correct_agreement,4,CORAL-MSaux,Occlusion,0,0.05,0.90666526556015,0.8923593699932099,0.0157348297956171
FAITH_020,F4_correct_agreement,4,CORAL-MSaux,Occlusion,0,0.1,0.90666526556015,0.8613519638776779,0.0287794570306115
FAITH_020,F4_correct_agreement,4,CORAL-MSaux,Occlusion,0,0.2,0.90666526556015,0.8039208590984345,0.0398252668372383
FAITH_020,F4_correct_agreement,4,CORAL-MSaux,Occlusion,0,0.3,0.90666526556015,0.7291697323322296,0.056693477040699
FAITH_020,F4_correct_agreement,4,Original DeiT,Integrated Gradients,0,0.05,0.7847789525985718,0.271323662251234,0.0781093306508097
FAITH_020,F4_correct_agreement,4,Original DeiT,Integrated Gradients,0,0.1,0.7847789525985718,0.1266560254618525,0.0608938635360055
FAITH_020,F4_correct_agreement,4,Original DeiT,Integrated Gradients,0,0.2,0.7847789525985718,0.0387562096118927,0.0142288989982363
FAITH_020,F4_correct_agreement,4,Original DeiT,Integrated Gradients,0,0.3,0.7847789525985718,0.0234896721784025,0.0138035666536354
FAITH_020,F4_correct_agreement,4,Original DeiT,Occlusion,0,0.05,0.7847789525985718,0.2577998653054237,0.0471592417052714
FAITH_020,F4_correct_agreement,4,Original DeiT,Occlusion,0,0.1,0.7847789525985718,0.1263396123424172,0.0497515685762733
FAITH_020,F4_correct_agreement,4,Original DeiT,Occlusion,0,0.2,0.7847789525985718,0.0463004653342068,0.0187442507394559
FAITH_020,F4_correct_agreement,4,Original DeiT,Occlusion,0,0.3,0.7847789525985718,0.0270208566915243,0.012079651295318
