Comparator,Metric,Oriented_delta,CI95_low,CI95_high,CI_excludes_0,Reference,Bootstrap_replicates,Seed,Effect_orientation
CNN + fixed DeiT,Accuracy,0.0322364002686366,0.0207320211362951,0.0437563652393764,True,CORAL-MSaux + fixed DeiT,20000,42,Positive oriented delta favors reference; MAE is direction-oriented so lower raw MAE for reference is positive.
CNN + fixed DeiT,Balanced accuracy,-0.0046512087024238,-0.0185704548983291,0.0090225761760966,False,CORAL-MSaux + fixed DeiT,20000,42,Positive oriented delta favors reference; MAE is direction-oriented so lower raw MAE for reference is positive.
CNN + fixed DeiT,Macro-F1,0.0030906149329046,-0.0100095908599343,0.0159168350576127,False,CORAL-MSaux + fixed DeiT,20000,42,Positive oriented delta favors reference; MAE is direction-oriented so lower raw MAE for reference is positive.
CNN + fixed DeiT,Weighted F1,0.0165694156621192,0.0059059046539767,0.0271174574832552,True,CORAL-MSaux + fixed DeiT,20000,42,Positive oriented delta favors reference; MAE is direction-oriented so lower raw MAE for reference is positive.
CNN + fixed DeiT,QWK,0.013165351994651,0.0044953147345379,0.0219290103343205,True,CORAL-MSaux + fixed DeiT,20000,42,Positive oriented delta favors reference; MAE is direction-oriented so lower raw MAE for reference is positive.
CNN + fixed DeiT,MAE,0.0275352585627938,0.0154255154212949,0.0396534781551869,True,CORAL-MSaux + fixed DeiT,20000,42,Positive oriented delta favors reference; MAE is direction-oriented so lower raw MAE for reference is positive.
CORAL + fixed DeiT,Accuracy,0.0097380792478173,0.0023529214104996,0.0172297297297296,True,CORAL-MSaux + fixed DeiT,20000,42,Positive oriented delta favors reference; MAE is direction-oriented so lower raw MAE for reference is positive.
CORAL + fixed DeiT,Balanced accuracy,0.0097990141628895,-0.0006434279509551,0.0201215716720918,False,CORAL-MSaux + fixed DeiT,20000,42,Positive oriented delta favors reference; MAE is direction-oriented so lower raw MAE for reference is positive.
CORAL + fixed DeiT,Macro-F1,0.0093943918480281,-0.0006396658681907,0.0193348201207292,False,CORAL-MSaux + fixed DeiT,20000,42,Positive oriented delta favors reference; MAE is direction-oriented so lower raw MAE for reference is positive.
CORAL + fixed DeiT,Weighted F1,0.0064759297527539,-0.0006302429298882,0.0136271493769932,False,CORAL-MSaux + fixed DeiT,20000,42,Positive oriented delta favors reference; MAE is direction-oriented so lower raw MAE for reference is positive.
CORAL + fixed DeiT,QWK,0.0062673616522589,-3.971429697237627e-05,0.0128576087164731,False,CORAL-MSaux + fixed DeiT,20000,42,Positive oriented delta favors reference; MAE is direction-oriented so lower raw MAE for reference is positive.
CORAL + fixed DeiT,MAE,0.0094022834116856,0.0013707901787842,0.0175257902416407,True,CORAL-MSaux + fixed DeiT,20000,42,Positive oriented delta favors reference; MAE is direction-oriented so lower raw MAE for reference is positive.
CNN-MSaux + fixed DeiT,Accuracy,0.0342511752854264,0.0233800294238162,0.0452703042579803,True,CORAL-MSaux + fixed DeiT,20000,42,Positive oriented delta favors reference; MAE is direction-oriented so lower raw MAE for reference is positive.
CNN-MSaux + fixed DeiT,Balanced accuracy,0.0004229779840907,-0.0125597845081123,0.0135165584721328,False,CORAL-MSaux + fixed DeiT,20000,42,Positive oriented delta favors reference; MAE is direction-oriented so lower raw MAE for reference is positive.
CNN-MSaux + fixed DeiT,Macro-F1,0.0098283277208854,-0.0023456130371207,0.0218836073904803,False,CORAL-MSaux + fixed DeiT,20000,42,Positive oriented delta favors reference; MAE is direction-oriented so lower raw MAE for reference is positive.
CNN-MSaux + fixed DeiT,Weighted F1,0.0189071461702275,0.0087596165706736,0.0289529751995428,True,CORAL-MSaux + fixed DeiT,20000,42,Positive oriented delta favors reference; MAE is direction-oriented so lower raw MAE for reference is positive.
CNN-MSaux + fixed DeiT,QWK,0.016071766807013,0.0074095861116228,0.0248332818373911,True,CORAL-MSaux + fixed DeiT,20000,42,Positive oriented delta favors reference; MAE is direction-oriented so lower raw MAE for reference is positive.
CNN-MSaux + fixed DeiT,MAE,0.0312290127602417,0.019811868415037,0.0428082191780821,True,CORAL-MSaux + fixed DeiT,20000,42,Positive oriented delta favors reference; MAE is direction-oriented so lower raw MAE for reference is positive.
ConvNeXt-CORAL + fixed DeiT,Accuracy,0.0010073875083949,-0.008443379078511,0.0102344261358894,False,CORAL-MSaux + fixed DeiT,20000,42,Positive oriented delta favors reference; MAE is direction-oriented so lower raw MAE for reference is positive.
ConvNeXt-CORAL + fixed DeiT,Balanced accuracy,0.0130750846930012,-0.0007047672784413,0.0266790038059033,False,CORAL-MSaux + fixed DeiT,20000,42,Positive oriented delta favors reference; MAE is direction-oriented so lower raw MAE for reference is positive.
ConvNeXt-CORAL + fixed DeiT,Macro-F1,0.0170021173246783,0.0037845272184806,0.0303109062158615,True,CORAL-MSaux + fixed DeiT,20000,42,Positive oriented delta favors reference; MAE is direction-oriented so lower raw MAE for reference is positive.
ConvNeXt-CORAL + fixed DeiT,Weighted F1,0.0070397427946781,-0.0020437948282447,0.0161486627956352,False,CORAL-MSaux + fixed DeiT,20000,42,Positive oriented delta favors reference; MAE is direction-oriented so lower raw MAE for reference is positive.
ConvNeXt-CORAL + fixed DeiT,QWK,0.0034790533683164,-0.0046235286957036,0.0119515436756916,False,CORAL-MSaux + fixed DeiT,20000,42,Positive oriented delta favors reference; MAE is direction-oriented so lower raw MAE for reference is positive.
ConvNeXt-CORAL + fixed DeiT,MAE,0.0053727333781061,-0.0047996162510072,0.0154987161250607,False,CORAL-MSaux + fixed DeiT,20000,42,Positive oriented delta favors reference; MAE is direction-oriented so lower raw MAE for reference is positive.
ConvNeXt-CORAL-MSaux + fixed DeiT,Accuracy,-0.0003357958361316,-0.0099967510829722,0.009180707017991,False,CORAL-MSaux + fixed DeiT,20000,42,Positive oriented delta favors reference; MAE is direction-oriented so lower raw MAE for reference is positive.
ConvNeXt-CORAL-MSaux + fixed DeiT,Balanced accuracy,0.0111323454727607,-0.0035676663756188,0.0258562497815639,False,CORAL-MSaux + fixed DeiT,20000,42,Positive oriented delta favors reference; MAE is direction-oriented so lower raw MAE for reference is positive.
ConvNeXt-CORAL-MSaux + fixed DeiT,Macro-F1,0.0167759146961872,0.0028085183491998,0.0309287308888762,True,CORAL-MSaux + fixed DeiT,20000,42,Positive oriented delta favors reference; MAE is direction-oriented so lower raw MAE for reference is positive.
ConvNeXt-CORAL-MSaux + fixed DeiT,Weighted F1,0.0064785541063421,-0.0029951674591097,0.0158995413451544,False,CORAL-MSaux + fixed DeiT,20000,42,Positive oriented delta favors reference; MAE is direction-oriented so lower raw MAE for reference is positive.
ConvNeXt-CORAL-MSaux + fixed DeiT,QWK,0.0049747531659798,-0.0030123400413896,0.0134769863749078,False,CORAL-MSaux + fixed DeiT,20000,42,Positive oriented delta favors reference; MAE is direction-oriented so lower raw MAE for reference is positive.
ConvNeXt-CORAL-MSaux + fixed DeiT,MAE,0.0060443250503693,-0.0041366474393686,0.016463615409944,False,CORAL-MSaux + fixed DeiT,20000,42,Positive oriented delta favors reference; MAE is direction-oriented so lower raw MAE for reference is positive.
