file,sha256,role,derivation,historical_parent_sha256
01_validate_oof_table2.py,2fc26901619940ef6443e80e5a11a71c049a108ed7a8e70cf6f7e3834d93a1ab,analysis script,deterministic 14-system reader-facing alignment; no scientific recomputation during package build,a57948d86289eeb50a37a5b261a52f143c38a4ee6d164df5de36b67aa99094ee
02_build_source_data_from_af3.py,ec4da08c0546b69d5cbe446a7d5357f5b95a0c47a0631a9157010689332fba89,analysis script,deterministic 14-system reader-facing alignment; no scientific recomputation during package build,a57948d86289eeb50a37a5b261a52f143c38a4ee6d164df5de36b67aa99094ee
03_patient_cluster_bootstrap.py,908a77f43c2c5dc7bd03a263159b5a6b8e07e740fa543dc75c99c9c2732b1f5c,analysis script,deterministic 14-system reader-facing alignment; no scientific recomputation during package build,a57948d86289eeb50a37a5b261a52f143c38a4ee6d164df5de36b67aa99094ee
04_interpretability_case_audit.py,dec3495aaca98d92f00dc6bdd33a05d005a648806f9e2271817eec4ad834a7a7,analysis script,deterministic 14-system reader-facing alignment; no scientific recomputation during package build,a57948d86289eeb50a37a5b261a52f143c38a4ee6d164df5de36b67aa99094ee
05_deletion_faithfulness_auc.py,6a6a8cee21c258b5aa9ea20d9c291b8995f8debd5b0f91d0377c55c4729d58d4,analysis script,deterministic 14-system reader-facing alignment; no scientific recomputation during package build,a57948d86289eeb50a37a5b261a52f143c38a4ee6d164df5de36b67aa99094ee
06_make_figures_3_to_6.py,6694bbaefd7165c5cb67f637e0b14ab2a35228865b9bf0aa641d139fc776053b,analysis script,deterministic 14-system reader-facing alignment; no scientific recomputation during package build,a57948d86289eeb50a37a5b261a52f143c38a4ee6d164df5de36b67aa99094ee
07_verify_public_package.py,1fa348bf6ac6bdf9a62cd7021f15929fa011c17ab64c96c9e020ce40c6e3e3ed,analysis script,deterministic 14-system reader-facing alignment; no scientific recomputation during package build,a57948d86289eeb50a37a5b261a52f143c38a4ee6d164df5de36b67aa99094ee
README.md,f163d984f0a6f4e932b2feb50123cfbd6926ab187f28a61d0d440a779d37a580,documentation,deterministic 14-system reader-facing alignment; no scientific recomputation during package build,a57948d86289eeb50a37a5b261a52f143c38a4ee6d164df5de36b67aa99094ee
requirements.txt,cf54581cc871cecdaa0890cd89e738d043c65ee127ec9c500f373aff9127621b,documentation,deterministic 14-system reader-facing alignment; no scientific recomputation during package build,a57948d86289eeb50a37a5b261a52f143c38a4ee6d164df5de36b67aa99094ee
